GROUP,PACKAGE,CLASS,INSTRUCTION_MISSED,INSTRUCTION_COVERED,BRANCH_MISSED,BRANCH_COVERED,LINE_MISSED,LINE_COVERED,COMPLEXITY_MISSED,COMPLEXITY_COVERED,METHOD_MISSED,METHOD_COVERED
tempConverter,converter,Main,32,0,0,0,7,0,2,0,2,0
tempConverter,converter,TempRecordDAO,1,92,1,3,0,22,1,5,0,4
tempConverter,converter,TemperatureUnitDAO,0,82,3,7,0,17,3,5,0,3
tempConverter,converter,TemperatureConverter,0,41,0,4,0,10,0,7,0,5
tempConverter,converter,DBConnection,7,28,3,1,1,6,3,3,1,3
tempConverter,converter,Launcher,7,0,0,0,3,0,2,0,2,0
tempConverter,converter,TempApp,271,0,6,0,47,0,9,0,6,0
tempConverter,converter,TemperatureUnit,0,27,0,0,0,9,0,5,0,5
tempConverter,converter,TempRecord,0,42,0,0,0,13,0,7,0,7
tempConverter,org.example,Main,21,0,2,0,5,0,3,0,2,0
